marker,Epithelial_cell,Endothelial_cell,Fibroblast,immune_cell,Tcell,Tcell_CD4T,Treg_CD4T,Tfh_CD4T,Tcell_CD8T,Trm_CD8T,Bcell,Activated_Bcell,Plasma_cell,Myeloid,Macrophage,Dendritic_cell
DAPI,3,3,3,3,3,3,3,3,3,3,3,3,3,3,3,3
CD45,0,0,0,2,3,3,3,3,3,3,3,3,2,3,3,3
PanCytoK,3,0,0,0,0,0,0,0,0,0,0,0,0,0,0,0
CD31,2,3,2,2,2,2,2,2,2,2,2,2,2,2,2,2
PNaD,0,2,0,0,0,0,0,0,0,0,0,0,0,0,0,0
PDPN,2,2,2,0,0,0,0,0,0,0,0,0,0,0,0,0
CD11c,0,0,0,2,0,0,0,0,0,0,0,0,0,2,0,3
CD20,0,0,0,2,0,0,0,0,0,0,2,3,1,0,0,0
CD138,0,0,0,2,0,0,0,0,0,0,2,1,3,0,0,0
CD40,0,0,0,2,1,1,1,1,1,1,2,2,1,2,2,2
CD68,0,0,0,2,0,0,0,0,0,0,0,0,0,2,3,1
HLA-DR,1,1,1,2,2,2,2,2,2,2,2,2,2,2,2,2
CXCR5,1,1,1,2,2,2,2,2,2,2,2,2,1,2,2,2
CD64,0,0,0,2,1,1,1,1,1,1,2,2,2,2,2,2
C1q,1,1,1,2,1,1,1,1,1,1,1,1,1,2,2,2
CD3e,0,0,0,2,4,4,4,4,4,4,0,0,0,0,0,0
CD4,0,0,0,2,2,3,3,3,0,0,0,0,0,2,2,2
CD8,0,0,0,2,2,0,0,0,3,3,0,0,0,2,0,2
FOXP3,0,0,0,2,2,2,3,0,1,1,0,0,0,0,0,0
IL7R,1,1,1,2,2,2,2,2,2,2,2,2,2,2,2,2
GZMB,0,0,0,2,2,2,1,1,2,2,0,0,0,2,1,2
CD103,1,1,1,2,2,2,1,1,2,2,1,1,1,1,1,1
CXCL13,0,0,0,2,2,2,1,3,2,3,2,2,2,2,2,2
CTLA4,0,0,0,2,2,2,2,2,2,2,0,0,0,0,0,0
PD-1,0,0,0,2,2,2,2,2,2,2,0,0,0,0,0,0
PD-L1,2,1,2,2,1,1,1,1,1,1,1,1,1,2,2,2
LAG3,0,0,0,2,2,2,2,2,2,2,2,2,2,2,2,2
TIGIT,0,0,0,2,2,2,2,2,2,2,0,0,0,0,0,0
TIM3,0,0,0,2,2,2,2,2,2,2,1,1,1,1,1,1
OX40L,0,0,0,2,1,1,1,1,1,1,2,2,2,2,2,2
CD134,0,0,0,2,2,2,2,2,2,2,1,1,1,1,1,1
CD80,0,0,0,2,1,1,1,1,1,1,2,2,2,2,2,2
CD69,0,0,0,2,2,2,2,2,2,2,1,1,1,1,1,1
CD40LG,1,1,1,2,2,2,2,2,2,2,1,1,1,1,1,1
Ki-67,2,2,2,2,2,2,2,2,2,2,2,2,2,2,2,2
