marker,Epithelial_cell,Normal_Epithelial,Tumor_cell,Stroma_cell,Endothelial_cell,Red_blood_cell,Fibroblast,Adipocyte,Immune_cell,Tcell,Tcell_gamma_delta,Tcell_alpha_beta,Tcell_CD4T,Tcell_CD8T,Tcell_NKT,NKcell,Bcell,Myeloid,Macrophage,Monocyte,Neutrophil,Dendritic_cell,Naive_CD4T,Memory_CD4T,Th1_Effector_CD4T,Early_Activation_CD4T,Late_Activation_CD4T,Th2_Regulatory_CD4T,Naive_CD8T,Memory_CD8T,Effector_CD8T,Early_Activation_CD8T,Late_Activation_CD8T
DAPI,3,3,3,3,3,3,3,3,3,3,3,3,3,3,3,3,3,3,3,3,3,3,3,3,3,3,3,3,3,3,3,3,3
CD44,2,2,2,2,2,2,2,2,2,2,2,2,2,2,2,2,2,2,2,2,2,2,2,2,2,2,2,2,2,2,2,2,2
CD45,0,0,0,0,0,0,0,0,3,3,3,3,3,3,3,3,3,3,3,3,3,3,3,3,3,3,3,3,3,3,3,3,3
CD3e,0,0,0,0,0,0,0,0,2,3,3,3,3,3,3,0,0,0,0,0,0,0,3,3,3,3,3,3,3,3,3,3,3
TCRg-d,0,0,0,0,0,0,0,0,2,2,3,0,0,0,1,0,0,0,0,0,0,0,0,0,0,0,0,0,0,0,0,0,0
TCRb,0,0,0,0,0,0,0,0,2,2,0,3,3,3,3,0,0,0,0,0,0,0,3,3,3,3,3,3,3,3,3,3,3
CD4,0,0,0,0,0,0,0,0,2,2,0,2,3,1,2,0,0,2,2,0,0,2,3,3,3,3,3,3,0,0,0,0,0
CD8a,0,0,0,0,0,0,0,0,2,2,0,2,1,3,2,1,0,2,2,0,0,2,0,0,0,0,0,0,3,3,3,3,3
FoxP3,0,0,0,0,0,0,0,0,2,2,0,2,2,0,2,0,0,0,0,0,0,0,1,1,1,1,1,3,1,1,1,1,1
CTLA4,0,0,0,0,0,0,0,0,2,2,2,2,2,2,2,1,0,0,0,0,0,0,2,2,2,2,2,2,2,2,2,2,2
B220,0,0,0,0,0,0,0,0,2,2,2,2,2,2,2,1,3,0,0,0,0,0,2,2,2,2,2,2,2,2,2,2,2
CD27,0,0,0,0,0,0,0,0,2,2,2,2,2,2,2,1,2,0,0,0,0,0,2,2,2,2,2,2,2,2,2,2,2
IgD,0,0,0,0,0,0,0,0,2,0,0,0,0,0,0,0,2,0,0,0,0,0,0,0,0,0,0,0,0,0,0,0,0
IgM,0,0,0,0,0,0,0,0,2,0,0,0,0,0,0,0,2,0,0,0,0,0,0,0,0,0,0,0,0,0,0,0,0
CD19,0,0,0,0,0,0,0,0,2,0,0,0,0,0,0,0,2,0,0,0,0,0,0,0,0,0,0,0,0,0,0,0,0
CD20,0,0,0,0,0,0,0,0,2,0,0,0,0,0,0,0,2,0,0,0,0,0,0,0,0,0,0,0,0,0,0,0,0
CD11b,0,0,0,0,0,0,0,0,2,0,0,0,0,0,0,0,0,3,3,3,3,3,0,0,0,0,0,0,0,0,0,0,0
F4-80,0,0,0,0,0,0,0,0,2,0,0,0,0,0,0,0,0,2,3,0,0,0,0,0,0,0,0,0,0,0,0,0,0
CD206,0,0,0,0,1,0,0,0,2,0,0,0,0,0,0,0,0,2,2,2,0,2,0,0,0,0,0,0,0,0,0,0,0
Ly6c,0,0,0,0,2,0,0,0,2,2,2,2,2,2,2,2,2,2,1,3,2,0,2,2,2,2,2,2,2,2,2,2,2
Ly6g,0,0,0,0,0,0,0,0,2,0,0,0,0,0,0,0,0,2,0,0,3,0,0,0,0,0,0,0,0,0,0,0,0
CD11c,0,0,0,0,0,0,0,0,2,0,0,0,0,0,0,0,0,2,2,0,0,3,0,0,0,0,0,0,0,0,0,0,0
MHCII,1,1,1,1,1,0,1,1,2,2,2,2,2,2,2,2,2,2,2,2,2,3,2,2,2,2,2,2,2,2,2,2,2
MHCI,2,2,2,2,2,2,2,2,2,2,2,2,2,2,2,2,2,2,2,2,2,2,2,2,2,2,2,2,2,2,2,2,2
CD279,0,1,2,0,0,0,0,0,2,2,2,2,2,2,2,2,2,2,2,2,2,2,2,2,2,2,2,2,2,2,2,2,2
CD47,2,2,2,2,2,1,2,2,2,2,2,2,2,2,2,2,2,2,2,2,2,2,2,2,2,2,2,2,2,2,2,2,2
CD68,0,0,0,0,0,0,0,0,2,0,0,0,0,0,0,0,0,2,2,2,2,2,0,0,0,0,0,0,0,0,0,0,0
CD33,0,0,0,0,0,0,0,0,2,1,1,1,1,1,1,1,1,2,2,2,2,2,1,1,1,1,1,1,1,1,1,1,1
CD34,1,1,1,0,2,0,0,0,2,1,1,1,1,1,1,1,1,2,1,1,1,1,1,1,1,1,1,1,1,1,1,1,1
CD117,1,1,1,0,0,0,0,0,2,0,0,0,0,0,0,0,0,2,0,0,0,0,0,0,0,0,0,0,0,0,0,0,0
Ki67,2,2,2,2,2,0,2,2,2,2,2,2,2,2,2,2,2,2,2,2,2,2,1,1,2,2,2,2,1,1,2,2,2
CD90.2,2,2,2,2,2,0,2,2,2,2,2,2,2,2,2,2,0,2,0,0,0,0,2,2,2,2,2,2,2,2,2,2,2
CD31,0,0,2,2,3,0,0,0,2,2,2,2,2,2,2,2,2,2,2,2,2,2,2,2,2,2,2,2,2,2,2,2,2
VE-Cadherin,0,0,2,0,2,0,0,0,0,0,0,0,0,0,0,0,0,0,0,0,0,0,0,0,0,0,0,0,0,0,0,0,0
Ter119,0,0,0,0,0,3,0,0,0,0,0,0,0,0,0,0,0,0,0,0,0,0,0,0,0,0,0,0,0,0,0,0,0
C1q,0,0,0,0,0,0,0,0,2,1,1,1,1,1,1,1,2,2,2,2,2,2,1,1,1,1,1,1,1,1,1,1,1
Apoe,2,2,2,2,2,2,2,2,2,2,2,2,2,2,2,2,2,2,2,2,2,2,2,2,2,2,2,2,2,2,2,2,2
PanCytoK,2,2,2,1,0,0,0,0,0,0,0,0,0,0,0,0,0,0,0,0,0,0,0,0,0,0,0,0,0,0,0,0,0
CD107a,0,0,0,0,0,0,0,0,2,2,2,2,2,2,2,2,2,2,2,2,2,2,1,1,2,2,2,1,1,1,2,2,2
HLA-DR,1,1,1,1,1,0,1,1,2,2,2,2,2,2,2,2,2,2,2,2,2,3,2,2,2,2,2,2,2,2,2,2,2
CD127,0,0,0,0,0,0,0,0,2,2,2,2,2,2,2,2,2,1,1,1,1,1,3,3,1,2,1,1,3,3,1,2,1
mCherry,0,0,0,0,0,0,0,0,0,0,0,0,0,0,0,0,0,0,0,0,0,0,0,0,0,0,0,0,0,0,0,0,0
HLA-ABC,2,2,2,2,2,2,2,2,2,2,2,2,2,2,2,2,2,2,2,2,2,2,2,2,2,2,2,2,2,2,2,2,2
HLA-DPDQDR,1,1,1,1,1,0,1,1,2,2,2,2,2,2,2,2,2,2,2,2,2,3,2,2,2,2,2,2,2,2,2,2,2
NKG2A,0,0,0,0,0,0,0,0,2,2,2,2,2,2,2,2,0,0,0,0,0,0,2,2,2,2,2,2,2,2,2,2,2
NKG2D,0,0,0,0,0,0,0,0,2,2,2,2,2,2,3,3,0,0,0,0,0,0,2,2,2,2,2,2,2,2,2,2,2
NKp46,0,0,0,0,0,0,0,0,2,2,2,2,2,2,3,3,0,0,0,0,0,0,2,2,2,2,2,2,2,2,2,2,2
T-bet,1,1,1,1,1,0,1,1,2,2,2,2,2,2,2,2,1,1,1,1,1,1,2,2,3,2,2,2,2,2,2,2,2
CD14,0,0,0,0,0,0,0,0,2,0,0,0,0,0,0,0,0,2,2,2,2,2,0,0,0,0,0,0,0,0,0,0,0
CD15,0,0,0,0,0,0,0,0,2,0,0,0,0,0,0,0,0,2,2,2,2,2,0,0,0,0,0,0,0,0,0,0,0
CD16,0,0,0,0,0,0,0,0,2,0,0,0,0,0,0,2,0,2,2,2,2,2,0,0,0,0,0,0,0,0,0,0,0
CD163,0,0,0,0,1,0,0,0,2,0,0,0,0,0,0,0,0,2,2,2,0,2,0,0,0,0,0,0,0,0,0,0,0
CD56,0,0,0,0,0,0,0,0,2,2,2,2,2,2,2,2,0,2,0,0,0,2,2,2,2,2,2,2,2,2,2,2,2
LAG-3,1,0,1,0,0,0,0,0,2,2,2,2,2,2,2,2,0,2,2,2,0,0,0,1,2,2,2,2,0,1,2,2,2
Tim-3,1,0,1,0,0,0,0,0,2,2,2,2,2,2,2,2,0,2,2,2,0,0,0,1,2,2,2,2,0,1,2,2,2
GranzymeB,0,0,0,0,0,0,0,0,2,2,2,2,2,2,2,2,0,0,0,0,0,0,0,1,2,2,2,0,1,1,2,2,3
CXCL12,2,2,2,2,2,0,2,2,2,2,2,2,2,2,2,2,2,2,2,2,2,2,2,2,2,2,2,2,2,2,2,2,2
SOX10,1,1,1,1,1,0,0,0,1,1,1,1,1,1,1,1,1,1,1,1,1,1,1,1,1,1,1,1,1,1,1,1,1
Podoplanin,1,1,1,1,1,0,0,0,1,0,0,0,0,0,0,0,0,2,0,0,0,1,0,0,0,0,0,0,0,0,0,0,0
HMB45,1,1,1,1,0,0,0,0,0,0,0,0,0,0,0,0,0,0,0,0,0,0,0,0,0,0,0,0,0,0,0,0,0
IDO,2,2,2,2,1,0,0,0,2,1,1,1,1,1,1,1,1,2,2,2,2,2,1,1,1,1,1,1,1,1,1,1,1
PD-L1,2,2,2,2,2,0,2,2,2,1,1,1,1,1,1,1,2,2,2,2,2,2,1,1,1,1,1,1,1,1,1,1,1
CD45RA,0,0,0,0,0,0,0,0,2,2,2,2,2,2,2,2,2,0,0,0,0,0,3,1,1,1,1,1,3,1,1,1,1
CD183,2,0,0,2,0,0,0,0,2,2,0,2,2,0,0,2,2,2,0,0,0,0,0,0,3,0,0,0,0,0,0,0,0
CXCR3,2,0,0,2,0,0,0,0,2,2,0,2,2,0,0,2,2,2,0,0,0,0,0,0,3,0,0,0,0,0,0,0,0
Vimentin,2,2,2,3,2,2,2,2,0,0,0,0,0,0,0,0,0,0,0,0,0,0,0,0,0,0,0,0,0,0,0,0,0
CD194,2,0,0,2,0,0,0,0,2,2,0,2,2,0,0,2,2,2,0,0,0,0,0,0,0,0,0,3,0,0,0,0,0
CCR4,2,0,0,2,0,0,0,0,2,2,0,2,2,0,0,2,2,2,0,0,0,0,0,0,0,0,0,3,0,0,0,0,0
ICAM-1,0,0,0,2,2,0,0,0,0,0,0,0,0,0,0,0,0,0,0,0,0,0,0,0,0,0,0,0,0,0,0,0,0
Caspase-3,2,2,2,2,2,2,2,2,2,2,2,2,2,2,2,2,2,2,2,2,2,2,2,2,2,2,2,2,2,2,2,2,2
EphrinB2,3,2,3,2,2,0,0,0,0,0,0,0,0,0,0,0,0,0,0,0,0,0,0,0,0,0,0,0,0,0,0,0,0
Pan-Keratin,2,2,2,1,0,0,0,0,0,0,0,0,0,0,0,0,0,0,0,0,0,0,0,0,0,0,0,0,0,0,0,0,0
CXCR5,0,0,0,0,0,0,0,0,0,0,0,0,0,0,0,0,0,0,0,0,0,0,0,0,0,0,0,0,0,0,0,0,0
GATA-3,2,0,0,2,0,0,0,0,2,2,0,2,2,0,0,2,2,2,0,0,0,0,0,0,0,0,0,3,0,0,0,0,0
EphB4,3,2,3,2,2,0,0,0,0,0,0,0,0,0,0,0,0,0,0,0,0,0,0,0,0,0,0,0,0,0,0,0,0
CD137,0,0,0,2,2,0,0,0,2,2,0,2,2,2,2,2,2,0,0,0,0,2,0,0,0,2,2,0,0,0,0,2,2
